timestamp,experiment,duration_sec,result
1767947973.6561086,cpu_burn,90,PASS
1767947981.992265,process_killer,90,PASS
1768134860.934851,cpu_burn,90,PASS
1768134869.8210752,process_killer,90,PASS
1768137466.404476,cpu_burn,90,PASS
1768137467.556292,process_killer,90,PASS
1768141094.919255,cpu_burn,90,PASS
1768141096.0964367,process_killer,90,PASS
1768237484.2656062,cpu_burn,90,PASS
1768237485.4805999,process_killer,90,PASS
1768273147.2056272,cpu_burn,90,PASS
1768273148.4557962,process_killer,90,PASS
1768276169.8043032,cpu_burn,90,PASS
1768276171.0720458,process_killer,90,PASS
1768277924.6053004,cpu_burn,90,PASS
1768277925.8490553,process_killer,90,PASS
1768287102.6021206,cpu_burn,90,PASS
1768287103.8510833,process_killer,90,PASS
