timestamp,elapsed_sec,latency_ms,type
1767953687.9867563,44.60,0.05,send_ack_simulated
1767953687.9872885,44.60,0.03,send_ack_simulated
1767953687.9878247,44.60,0.18,send_ack_simulated
1767953687.9880624,44.60,0.03,send_ack_simulated
1767953687.988249,44.60,0.01,send_ack_simulated
1767953687.9883122,44.60,0.49,send_ack_simulated
1767953687.9884055,44.60,0.08,send_ack_simulated
1767953687.9885151,44.60,0.22,send_ack_simulated
1767953687.9885807,44.60,0.12,send_ack_simulated
1767953687.9886675,44.60,0.20,send_ack_simulated
1767953716.0000489,72.61,0.02,send_ack_simulated
1767953716.0006826,72.61,0.01,send_ack_simulated
1767953716.0010157,72.61,0.27,send_ack_simulated
1767953716.0012882,72.61,0.01,send_ack_simulated
1767953716.0014508,72.61,0.12,send_ack_simulated
1767953716.0015938,72.61,0.01,send_ack_simulated
1767953716.0016787,72.61,0.02,send_ack_simulated
1767953716.001778,72.61,0.02,send_ack_simulated
1767953716.0018802,72.61,0.01,send_ack_simulated
1767953716.0019479,72.61,0.02,send_ack_simulated
1767953716.0020952,72.61,0.13,send_ack_simulated
1767953744.0120318,100.62,0.04,send_ack_simulated
1767953744.014752,100.62,0.96,send_ack_simulated
1767953744.016068,100.62,1.23,send_ack_simulated
1767953744.0167603,100.63,0.03,send_ack_simulated
1767953744.0175214,100.63,0.78,send_ack_simulated
1767953744.0179026,100.63,0.41,send_ack_simulated
1767953744.0182354,100.63,0.02,send_ack_simulated
1767953744.018652,100.63,1.05,send_ack_simulated
1767953744.018911,100.63,0.94,send_ack_simulated
1767953744.019154,100.63,0.11,send_ack_simulated
1767953772.0228648,128.63,0.18,send_ack_simulated
1767953772.0240371,128.63,0.02,send_ack_simulated
1767953772.0245655,128.63,0.49,send_ack_simulated
1767953772.0249362,128.63,0.01,send_ack_simulated
1767953772.0250814,128.63,0.16,send_ack_simulated
1767953772.0252295,128.63,0.19,send_ack_simulated
1767953772.025403,128.63,0.24,send_ack_simulated
1767953772.0257144,128.63,0.02,send_ack_simulated
1767953772.0259004,128.63,0.37,send_ack_simulated
1767953772.0260587,128.63,0.01,send_ack_simulated
1767953772.0262437,128.63,0.17,send_ack_simulated
1767953800.034191,156.64,0.40,send_ack_simulated
1767953800.0371938,156.65,0.04,send_ack_simulated
1767953800.0378788,156.65,0.27,send_ack_simulated
1767953800.0384789,156.65,0.32,send_ack_simulated
1767953800.0390337,156.65,0.12,send_ack_simulated
1767953800.0393193,156.65,0.13,send_ack_simulated
1767953828.0464244,184.65,0.06,send_ack_simulated
1767953828.0473168,184.66,0.12,send_ack_simulated
1767953828.049273,184.66,0.02,send_ack_simulated
1767953828.0495808,184.66,0.29,send_ack_simulated
1767953828.0499842,184.66,0.57,send_ack_simulated
1767953828.0504217,184.66,0.02,send_ack_simulated
1767953828.050654,184.66,1.15,send_ack_simulated
1767953828.0509799,184.66,1.09,send_ack_simulated
1767953828.0512807,184.66,0.24,send_ack_simulated
1767953828.0514345,184.66,0.71,send_ack_simulated
1767953828.0517046,184.66,0.19,send_ack_simulated
1767953828.052008,184.66,0.21,send_ack_simulated
1767953828.0522964,184.66,0.14,send_ack_simulated
1767953828.0525482,184.66,0.03,send_ack_simulated
1767953828.052854,184.66,0.06,send_ack_simulated
1767953828.0531085,184.66,0.18,send_ack_simulated
1767953856.0600338,212.67,0.28,send_ack_simulated
1767953856.0633283,212.67,0.04,send_ack_simulated
1767953856.064091,212.67,0.50,send_ack_simulated
1767953856.0650392,212.67,0.20,send_ack_simulated
1767953856.0664055,212.67,0.09,send_ack_simulated
1767953856.067047,212.68,3.01,send_ack_simulated
1767953856.0674345,212.68,0.35,send_ack_simulated
1767953856.0676656,212.68,0.02,send_ack_simulated
1767953856.0679276,212.68,0.04,send_ack_simulated
1767953856.0682516,212.68,0.12,send_ack_simulated
1767953884.0757208,240.68,0.89,send_ack_simulated
1767953884.0772724,240.69,0.09,send_ack_simulated
1767953884.0788763,240.69,0.65,send_ack_simulated
1767953884.079535,240.69,0.59,send_ack_simulated
1767953884.0803192,240.69,0.09,send_ack_simulated
1767953884.0805333,240.69,0.03,send_ack_simulated
1767953884.0808082,240.69,0.16,send_ack_simulated
1767953912.0875893,268.70,0.53,send_ack_simulated
1767953912.0882378,268.70,0.66,send_ack_simulated
1767953912.0885882,268.70,0.75,send_ack_simulated
1767953912.088761,268.70,0.02,send_ack_simulated
1767953912.0890486,268.70,0.02,send_ack_simulated
1767953912.089245,268.70,0.32,send_ack_simulated
1767953912.089473,268.70,0.33,send_ack_simulated
1767953912.0897324,268.70,0.72,send_ack_simulated
1767953912.0900004,268.70,0.27,send_ack_simulated
1767953912.0902815,268.70,0.10,send_ack_simulated
1767953912.0905704,268.70,0.10,send_ack_simulated
1767953912.090814,268.70,0.13,send_ack_simulated
1767953912.0911734,268.70,0.03,send_ack_simulated
1767953940.0986276,296.71,0.48,send_ack_simulated
1767953940.1002212,296.71,0.74,send_ack_simulated
1767953940.1014335,296.71,1.77,send_ack_simulated
1767953940.1017063,296.71,0.47,send_ack_simulated
1767953940.1021504,296.71,0.74,send_ack_simulated
1767953940.1022909,296.71,0.01,send_ack_simulated
1767953940.102471,296.71,0.28,send_ack_simulated
1767953940.1026733,296.71,0.03,send_ack_simulated
1767953940.1028993,296.71,0.11,send_ack_simulated
1767953940.1030674,296.71,0.01,send_ack_simulated
1767953940.1033099,296.71,0.02,send_ack_simulated
1767953968.1089993,324.72,0.07,send_ack_simulated
1767953968.1104646,324.72,0.35,send_ack_simulated
1767953968.111956,324.72,0.02,send_ack_simulated
1767953968.1122937,324.72,0.08,send_ack_simulated
1767953968.1126435,324.72,0.35,send_ack_simulated
1767953968.112912,324.72,0.29,send_ack_simulated
1767953968.1132364,324.72,0.02,send_ack_simulated
1767953968.1136155,324.72,0.39,send_ack_simulated
1767953968.1139638,324.72,0.05,send_ack_simulated
1767953968.114336,324.72,0.57,send_ack_simulated
1767953968.1147354,324.72,0.05,send_ack_simulated
1767953968.1150591,324.72,0.06,send_ack_simulated
1767953996.1239145,352.73,0.02,send_ack_simulated
1767953996.1254613,352.73,0.17,send_ack_simulated
1767953996.1263976,352.73,0.57,send_ack_simulated
1767953996.1267035,352.74,0.02,send_ack_simulated
1767953996.1269705,352.74,0.05,send_ack_simulated
1767953996.127311,352.74,0.02,send_ack_simulated
1767953996.1274984,352.74,0.04,send_ack_simulated
1767954024.1380043,380.75,1.37,send_ack_simulated
1767954024.1395154,380.75,0.08,send_ack_simulated
1767954024.1421309,380.75,1.77,send_ack_simulated
1767954024.142869,380.75,0.87,send_ack_simulated
1767954024.1433415,380.75,0.44,send_ack_simulated
1767954024.143725,380.75,0.03,send_ack_simulated
1767954024.1440215,380.75,1.24,send_ack_simulated
1767954024.1442134,380.75,0.40,send_ack_simulated
1767954024.144444,380.75,0.36,send_ack_simulated
1767954024.1446543,380.75,0.39,send_ack_simulated
1767954024.1451943,380.75,0.03,send_ack_simulated
1767954024.1454465,380.75,0.21,send_ack_simulated
1767954024.145656,380.75,0.03,send_ack_simulated
1767954024.145866,380.75,0.23,send_ack_simulated
1767954052.1537337,408.76,0.65,send_ack_simulated
1767954052.1544504,408.76,0.06,send_ack_simulated
1767954052.1547744,408.76,0.01,send_ack_simulated
1767954052.155008,408.76,0.21,send_ack_simulated
1767954052.1552522,408.76,0.09,send_ack_simulated
1767954080.1621192,436.77,0.57,send_ack_simulated
1767954080.1629343,436.77,0.25,send_ack_simulated
1767954080.163927,436.77,0.30,send_ack_simulated
1767954080.1649823,436.77,1.01,send_ack_simulated
1767954080.1653364,436.77,0.02,send_ack_simulated
1767954080.1654842,436.77,0.19,send_ack_simulated
1767954080.1656365,436.77,1.25,send_ack_simulated
1767954080.1659145,436.77,0.03,send_ack_simulated
1767954080.1662092,436.77,0.52,send_ack_simulated
1767954080.166404,436.77,0.01,send_ack_simulated
1767954080.166597,436.77,0.07,send_ack_simulated
1767954108.1711392,464.78,0.10,send_ack_simulated
1767954108.1724398,464.78,0.36,send_ack_simulated
1767954108.1738272,464.78,0.01,send_ack_simulated
1767954108.175146,464.78,0.02,send_ack_simulated
1767954108.1755443,464.78,0.62,send_ack_simulated
1767954108.1759772,464.78,0.25,send_ack_simulated
1767954108.1761138,464.78,0.01,send_ack_simulated
1767954136.1853082,492.79,0.11,send_ack_simulated
1767954136.186912,492.80,0.07,send_ack_simulated
1767954136.1882176,492.80,1.29,send_ack_simulated
1767954136.1884496,492.80,0.04,send_ack_simulated
1767954136.1889253,492.80,0.67,send_ack_simulated
1767954136.1892433,492.80,0.24,send_ack_simulated
1767954136.189577,492.80,0.73,send_ack_simulated
1767954136.189776,492.80,0.29,send_ack_simulated
1767954136.1899498,492.80,0.02,send_ack_simulated
1767954136.1902046,492.80,0.80,send_ack_simulated
1767954164.201747,520.81,0.05,send_ack_simulated
1767954164.204344,520.81,0.37,send_ack_simulated
1767954164.2050712,520.81,0.03,send_ack_simulated
1767954164.205518,520.81,0.47,send_ack_simulated
1767954164.2057402,520.81,0.32,send_ack_simulated
1767954164.2060223,520.81,0.08,send_ack_simulated
1767954164.2064776,520.81,0.96,send_ack_simulated
1767954192.2157729,548.82,0.02,send_ack_simulated
1767954192.2167187,548.83,0.23,send_ack_simulated
1767954192.2171917,548.83,0.02,send_ack_simulated
1767954192.2190118,548.83,1.90,send_ack_simulated
1767954192.2194538,548.83,0.06,send_ack_simulated
1767954192.2198658,548.83,0.22,send_ack_simulated
1767954192.2201407,548.83,0.17,send_ack_simulated
1767954192.2203543,548.83,1.88,send_ack_simulated
1767954220.2271206,576.84,0.56,send_ack_simulated
1767954220.2312834,576.84,1.10,send_ack_simulated
1767954220.2328026,576.84,0.09,send_ack_simulated
1767954220.2332065,576.84,0.58,send_ack_simulated
1767954220.2336478,576.84,0.90,send_ack_simulated
1767954220.2339122,576.84,1.30,send_ack_simulated
1767954220.2342792,576.84,0.03,send_ack_simulated
1767954248.239621,604.85,0.52,send_ack_simulated
1767954248.2406862,604.85,0.02,send_ack_simulated
1767954248.241347,604.85,0.02,send_ack_simulated
1767954248.2417285,604.85,0.68,send_ack_simulated
1767954248.2420478,604.85,0.25,send_ack_simulated
1767954248.2423668,604.85,0.21,send_ack_simulated
1767954248.2426207,604.85,0.03,send_ack_simulated
1767954248.242812,604.85,0.02,send_ack_simulated
1767954248.2429798,604.85,0.18,send_ack_simulated
1767954248.243188,604.85,0.24,send_ack_simulated
1767954248.2433674,604.85,0.02,send_ack_simulated
1767954248.2435987,604.85,0.26,send_ack_simulated
1767954248.2437682,604.85,0.10,send_ack_simulated
1767954276.2498236,632.86,0.63,send_ack_simulated
1767954276.2519786,632.86,0.09,send_ack_simulated
1767954276.2536552,632.86,0.33,send_ack_simulated
1767954276.2541218,632.86,0.56,send_ack_simulated
1767954276.2544103,632.86,0.04,send_ack_simulated
1767954276.2550836,632.86,0.04,send_ack_simulated
1767954276.2552893,632.86,0.10,send_ack_simulated
1767954276.255496,632.86,0.03,send_ack_simulated
1767954304.2647839,660.87,0.52,send_ack_simulated
1767954304.2656224,660.87,0.51,send_ack_simulated
1767954304.2668202,660.88,0.02,send_ack_simulated
1767954304.2676785,660.88,0.02,send_ack_simulated
1767954304.2680407,660.88,0.83,send_ack_simulated
1767954304.2683365,660.88,0.37,send_ack_simulated
1767954332.2805007,688.89,0.02,send_ack_simulated
1767954332.282011,688.89,0.38,send_ack_simulated
1767954332.283182,688.89,0.05,send_ack_simulated
1767954332.2833903,688.89,1.09,send_ack_simulated
1767954332.2835977,688.89,0.63,send_ack_simulated
1767954332.28389,688.89,0.04,send_ack_simulated
1767954332.2841668,688.89,0.05,send_ack_simulated
1767954332.2844849,688.89,0.02,send_ack_simulated
1767954332.284904,688.89,0.01,send_ack_simulated
1767954360.2932365,716.90,0.63,send_ack_simulated
1767954360.2955253,716.90,0.57,send_ack_simulated
1767954360.296087,716.90,0.10,send_ack_simulated
1767954360.2963257,716.90,0.04,send_ack_simulated
1767954360.2965095,716.90,0.05,send_ack_simulated
1767954388.306213,744.91,0.13,send_ack_simulated
1767954388.3082488,744.92,1.12,send_ack_simulated
1767954388.3108294,744.92,1.09,send_ack_simulated
1767954388.3123708,744.92,0.48,send_ack_simulated
1767954388.3129823,744.92,1.91,send_ack_simulated
1767954388.3139346,744.92,0.07,send_ack_simulated
1767954388.3142815,744.92,0.04,send_ack_simulated
1767954388.3146827,744.92,0.45,send_ack_simulated
1767954388.3149266,744.92,0.39,send_ack_simulated
1767954388.3151917,744.92,0.03,send_ack_simulated
1767954388.3153117,744.92,0.12,send_ack_simulated
1767954416.318042,772.93,0.71,send_ack_simulated
1767954416.3192978,772.93,0.05,send_ack_simulated
1767954416.3201582,772.93,0.35,send_ack_simulated
1767954416.3208358,772.93,0.82,send_ack_simulated
1767954416.321593,772.93,0.03,send_ack_simulated
1767954416.3225398,772.93,0.13,send_ack_simulated
1767954416.3228624,772.93,0.24,send_ack_simulated
1767954416.3233278,772.93,0.05,send_ack_simulated
1767954416.3237367,772.93,0.27,send_ack_simulated
1767954416.3240519,772.93,0.54,send_ack_simulated
1767954416.3243861,772.93,0.03,send_ack_simulated
1767954416.3249183,772.93,0.24,send_ack_simulated
1767954416.325196,772.93,0.03,send_ack_simulated
1767954416.3253846,772.93,0.02,send_ack_simulated
1767954444.3327708,800.94,0.68,send_ack_simulated
1767954444.3345265,800.94,0.69,send_ack_simulated
1767954444.3352559,800.94,0.64,send_ack_simulated
1767954444.335686,800.94,0.86,send_ack_simulated
1767954444.3359356,800.94,0.02,send_ack_simulated
1767954444.3361712,800.94,0.01,send_ack_simulated
1767954444.3365648,800.94,0.74,send_ack_simulated
1767954444.3369915,800.95,0.02,send_ack_simulated
1767954444.3373146,800.95,0.24,send_ack_simulated
1767954444.337597,800.95,0.51,send_ack_simulated
1767954444.3378088,800.95,0.38,send_ack_simulated
1767954444.3381047,800.95,0.03,send_ack_simulated
1767954444.3384247,800.95,0.03,send_ack_simulated
1767954472.3436701,828.95,0.02,send_ack_simulated
1767954472.3448682,828.95,0.04,send_ack_simulated
1767954472.3469799,828.96,0.31,send_ack_simulated
1767954472.3475292,828.96,0.03,send_ack_simulated
1767954472.3477008,828.96,1.19,send_ack_simulated
1767954472.3479283,828.96,1.01,send_ack_simulated
1767954472.3484764,828.96,0.22,send_ack_simulated
1767954500.3582542,856.97,0.02,send_ack_simulated
1767954500.3602097,856.97,0.98,send_ack_simulated
1767954500.36076,856.97,0.33,send_ack_simulated
1767954500.361122,856.97,0.83,send_ack_simulated
1767954500.3614476,856.97,0.07,send_ack_simulated
1767954500.3619955,856.97,0.05,send_ack_simulated
1767954500.3624167,856.97,1.75,send_ack_simulated
1767954500.3627741,856.97,0.84,send_ack_simulated
1767954528.3694265,884.98,0.07,send_ack_simulated
1767954528.3716965,884.98,0.07,send_ack_simulated
1767954528.3728218,884.98,0.92,send_ack_simulated
1767954528.373006,884.98,0.68,send_ack_simulated
1767954528.3738182,884.98,0.47,send_ack_simulated
1767954528.3742485,884.98,0.03,send_ack_simulated
1767954528.3745692,884.98,0.03,send_ack_simulated
1767954528.3749282,884.98,0.31,send_ack_simulated
1767954528.3752816,884.98,0.31,send_ack_simulated
1767954528.3754952,884.98,0.35,send_ack_simulated
1767954528.3757687,884.98,0.66,send_ack_simulated
1767954528.3760078,884.98,0.03,send_ack_simulated
1767954528.3763978,884.98,0.14,send_ack_simulated
1767954528.3766198,884.98,0.03,send_ack_simulated
1767954528.3768926,884.99,0.13,send_ack_simulated
1767954528.3770278,884.99,0.03,send_ack_simulated
1767954556.3811164,912.99,0.06,send_ack_simulated
1767954556.382695,912.99,0.35,send_ack_simulated
1767954556.3836124,912.99,0.35,send_ack_simulated
1767954556.3842938,912.99,0.43,send_ack_simulated
1767954556.384803,912.99,0.21,send_ack_simulated
1767954556.384983,912.99,0.29,send_ack_simulated
1767954556.3852344,912.99,0.21,send_ack_simulated
1767954584.393701,941.00,0.06,send_ack_simulated
1767954584.3960009,941.00,0.45,send_ack_simulated
1767954584.3968709,941.01,0.25,send_ack_simulated
1767954584.3972194,941.01,0.02,send_ack_simulated
1767954584.3975496,941.01,0.51,send_ack_simulated
1767954584.3977976,941.01,0.66,send_ack_simulated
1767954584.397968,941.01,0.04,send_ack_simulated
1767954584.3981833,941.01,0.09,send_ack_simulated
1767954612.4066467,969.01,0.04,send_ack_simulated
1767954612.407566,969.02,0.33,send_ack_simulated
1767954612.4082813,969.02,0.19,send_ack_simulated
1767954612.4091165,969.02,0.20,send_ack_simulated
1767954612.4096007,969.02,0.96,send_ack_simulated
1767954612.4099834,969.02,0.19,send_ack_simulated
1767954612.410149,969.02,0.02,send_ack_simulated
1767954612.4103565,969.02,0.46,send_ack_simulated
1767954612.410707,969.02,0.06,send_ack_simulated
1767954640.4214318,997.03,0.02,send_ack_simulated
1767954640.4230213,997.03,0.79,send_ack_simulated
1767954640.4246073,997.03,1.30,send_ack_simulated
1767954640.425749,997.03,0.03,send_ack_simulated
1767954640.4270263,997.04,0.24,send_ack_simulated
1767954640.4274893,997.04,0.03,send_ack_simulated
1767954640.4277592,997.04,0.46,send_ack_simulated
1767954640.4279385,997.04,0.07,send_ack_simulated
1767954640.4281821,997.04,0.06,send_ack_simulated
1767954640.4283333,997.04,0.10,send_ack_simulated
1767954640.428608,997.04,0.02,send_ack_simulated
1767954668.4372292,1025.05,0.05,send_ack_simulated
1767954668.4383156,1025.05,0.03,send_ack_simulated
1767954668.438896,1025.05,0.95,send_ack_simulated
1767954668.4391062,1025.05,0.02,send_ack_simulated
1767954668.4392378,1025.05,0.25,send_ack_simulated
1767954668.4393768,1025.05,0.27,send_ack_simulated
1767954668.4395278,1025.05,0.01,send_ack_simulated
1767954668.4397266,1025.05,0.09,send_ack_simulated
1767954668.4398792,1025.05,0.02,send_ack_simulated
1767954696.4508197,1053.06,1.01,send_ack_simulated
1767954696.451707,1053.06,0.09,send_ack_simulated
1767954696.4527044,1053.06,0.08,send_ack_simulated
1767954696.4530838,1053.06,0.50,send_ack_simulated
1767954696.4533072,1053.06,1.56,send_ack_simulated
1767954696.4537013,1053.06,0.02,send_ack_simulated
1767954696.4541037,1053.06,0.37,send_ack_simulated
1767954696.4543169,1053.06,0.02,send_ack_simulated
1767954696.4546468,1053.06,0.06,send_ack_simulated
1767954696.454886,1053.06,0.73,send_ack_simulated
1767954696.4551468,1053.06,0.28,send_ack_simulated
1767954696.4553437,1053.06,0.04,send_ack_simulated
1767954724.464636,1081.07,0.36,send_ack_simulated
1767954724.4667053,1081.08,0.02,send_ack_simulated
1767954724.4677885,1081.08,0.07,send_ack_simulated
1767954724.4696267,1081.08,0.34,send_ack_simulated
1767954724.4707367,1081.08,0.01,send_ack_simulated
1767954724.47103,1081.08,0.02,send_ack_simulated
1767954724.4714158,1081.08,0.44,send_ack_simulated
1767954724.4719138,1081.08,0.04,send_ack_simulated
1767954724.4721444,1081.08,0.01,send_ack_simulated
1767954752.484212,1109.09,1.01,send_ack_simulated
1767954752.486326,1109.09,0.21,send_ack_simulated
1767954752.4879694,1109.10,0.10,send_ack_simulated
1767954752.4883122,1109.10,0.02,send_ack_simulated
1767954752.4888136,1109.10,0.09,send_ack_simulated
1767954752.4891016,1109.10,0.64,send_ack_simulated
1767954752.4893622,1109.10,0.72,send_ack_simulated
1767954752.4895744,1109.10,0.30,send_ack_simulated
1767954752.4898047,1109.10,0.03,send_ack_simulated
1767954752.4901412,1109.10,0.11,send_ack_simulated
1767954780.5021732,1137.11,0.77,send_ack_simulated
1767954780.5036197,1137.11,0.02,send_ack_simulated
1767954780.5047367,1137.11,0.68,send_ack_simulated
1767954780.5052216,1137.11,0.03,send_ack_simulated
1767954780.5057366,1137.11,0.51,send_ack_simulated
1767954780.5060587,1137.11,0.58,send_ack_simulated
1767954780.5063872,1137.11,0.06,send_ack_simulated
1767954780.5067017,1137.12,0.38,send_ack_simulated
1767954780.507043,1137.12,0.33,send_ack_simulated
1767954780.5072758,1137.12,0.30,send_ack_simulated
1767954780.5076094,1137.12,0.03,send_ack_simulated
1767954780.5078623,1137.12,0.02,send_ack_simulated
1767954780.508025,1137.12,0.25,send_ack_simulated
1767954808.51864,1165.13,0.03,send_ack_simulated
1767954808.519285,1165.13,0.49,send_ack_simulated
1767954808.52091,1165.13,0.03,send_ack_simulated
1767954808.5217674,1165.13,0.02,send_ack_simulated
1767954808.5223114,1165.13,0.46,send_ack_simulated
1767954808.5230243,1165.13,0.79,send_ack_simulated
1767954808.5232375,1165.13,0.35,send_ack_simulated
1767954808.523476,1165.13,0.22,send_ack_simulated
1767954836.5343995,1193.14,0.04,send_ack_simulated
1767954836.5363407,1193.14,0.71,send_ack_simulated
1767954836.537418,1193.15,0.02,send_ack_simulated
1767954836.5377657,1193.15,0.02,send_ack_simulated
1767954836.5381622,1193.15,0.46,send_ack_simulated
1767954836.538423,1193.15,0.04,send_ack_simulated
1767954836.5388627,1193.15,0.03,send_ack_simulated
1767954836.5392532,1193.15,0.03,send_ack_simulated
1767954836.5396833,1193.15,0.77,send_ack_simulated
1767954836.539907,1193.15,0.02,send_ack_simulated
1767954864.5527477,1221.16,0.80,send_ack_simulated
1767954864.5543687,1221.16,1.77,send_ack_simulated
1767954864.5550132,1221.16,1.24,send_ack_simulated
1767954864.5554652,1221.16,0.56,send_ack_simulated
1767954864.5558572,1221.16,0.08,send_ack_simulated
1767954864.556222,1221.16,0.03,send_ack_simulated
1767954864.5564811,1221.16,0.84,send_ack_simulated
1767954864.556752,1221.17,0.38,send_ack_simulated
1767954864.5569818,1221.17,0.29,send_ack_simulated
1767954864.5571713,1221.17,0.08,send_ack_simulated
1767954864.5573676,1221.17,0.03,send_ack_simulated
1767954864.5577729,1221.17,0.39,send_ack_simulated
1767954864.5579994,1221.17,0.38,send_ack_simulated
1767954864.5583,1221.17,0.02,send_ack_simulated
1767954864.5584764,1221.17,0.06,send_ack_simulated
1767954864.558709,1221.17,0.02,send_ack_simulated
1767954864.5588758,1221.17,0.13,send_ack_simulated
1767954892.5693865,1249.18,0.29,send_ack_simulated
1767954892.5707035,1249.18,1.40,send_ack_simulated
1767954892.5714962,1249.18,0.07,send_ack_simulated
1767954892.5720043,1249.18,0.28,send_ack_simulated
1767954892.572337,1249.18,0.08,send_ack_simulated
1767954892.572699,1249.18,1.26,send_ack_simulated
1767954892.5729373,1249.18,0.51,send_ack_simulated
1767954892.5732396,1249.18,0.69,send_ack_simulated
1767954892.5738099,1249.18,0.47,send_ack_simulated
1767954892.5741313,1249.18,0.76,send_ack_simulated
1767954892.5743868,1249.18,0.03,send_ack_simulated
1767954920.585116,1277.19,0.10,send_ack_simulated
1767954920.5857344,1277.19,0.84,send_ack_simulated
1767954920.5867577,1277.20,0.72,send_ack_simulated
1767954920.588502,1277.20,2.65,send_ack_simulated
1767954920.589668,1277.20,0.59,send_ack_simulated
1767954920.5904803,1277.20,0.39,send_ack_simulated
1767954920.5908751,1277.20,0.55,send_ack_simulated
1767954920.591092,1277.20,0.39,send_ack_simulated
1767954920.5913982,1277.20,0.11,send_ack_simulated
1767954948.605326,1305.21,0.15,send_ack_simulated
1767954948.606923,1305.22,0.63,send_ack_simulated
1767954948.6079905,1305.22,0.03,send_ack_simulated
1767954948.6095006,1305.22,1.71,send_ack_simulated
1767954948.60988,1305.22,1.78,send_ack_simulated
1767954948.6101723,1305.22,1.75,send_ack_simulated
1767954948.6104448,1305.22,0.33,send_ack_simulated
1767954948.61065,1305.22,0.10,send_ack_simulated
1767954948.6108508,1305.22,0.15,send_ack_simulated
1767954948.6111033,1305.22,0.18,send_ack_simulated
1767954976.6217773,1333.23,0.75,send_ack_simulated
1767954976.6228507,1333.23,0.45,send_ack_simulated
1767954976.6235762,1333.23,1.43,send_ack_simulated
1767954976.6244967,1333.23,1.09,send_ack_simulated
1767954976.6254256,1333.23,0.45,send_ack_simulated
1767954976.6258092,1333.23,0.02,send_ack_simulated
1767954976.6260502,1333.23,1.06,send_ack_simulated
1767954976.6264024,1333.23,0.04,send_ack_simulated
1767954976.6269996,1333.24,0.79,send_ack_simulated
1767954976.6274621,1333.24,0.55,send_ack_simulated
1767954976.6278937,1333.24,0.69,send_ack_simulated
1767954976.6286411,1333.24,0.36,send_ack_simulated
1767954976.6290755,1333.24,0.26,send_ack_simulated
1767954976.6295393,1333.24,0.03,send_ack_simulated
1767954976.6299157,1333.24,0.03,send_ack_simulated
1767955004.6365156,1361.24,1.43,send_ack_simulated
1767955004.6381469,1361.25,0.04,send_ack_simulated
1767955004.6397505,1361.25,0.39,send_ack_simulated
1767955004.640581,1361.25,1.63,send_ack_simulated
1767955004.642971,1361.25,0.02,send_ack_simulated
1767955004.6433918,1361.25,0.54,send_ack_simulated
1767955004.643766,1361.25,0.04,send_ack_simulated
1767955004.644035,1361.25,0.03,send_ack_simulated
1767955004.644254,1361.25,0.37,send_ack_simulated
1767955032.6535842,1389.26,1.15,send_ack_simulated
1767955032.656137,1389.26,1.00,send_ack_simulated
1767955032.6570823,1389.27,0.12,send_ack_simulated
1767955032.6589658,1389.27,1.77,send_ack_simulated
1767955032.6596994,1389.27,0.73,send_ack_simulated
1767955032.6601565,1389.27,0.30,send_ack_simulated
1767955032.660303,1389.27,0.74,send_ack_simulated
1767955032.6604831,1389.27,0.02,send_ack_simulated
1767955032.6607423,1389.27,0.06,send_ack_simulated
1767955032.6610312,1389.27,0.07,send_ack_simulated
1767955032.661165,1389.27,0.05,send_ack_simulated
1767955060.670223,1417.28,0.82,send_ack_simulated
1767955060.673256,1417.28,0.07,send_ack_simulated
1767955060.6739137,1417.28,0.99,send_ack_simulated
1767955060.674416,1417.28,0.30,send_ack_simulated
1767955060.6749425,1417.28,0.03,send_ack_simulated
1767955060.6751401,1417.28,0.02,send_ack_simulated
1767955060.67545,1417.28,0.56,send_ack_simulated
1767955060.6758587,1417.28,0.03,send_ack_simulated
1767955060.676159,1417.28,0.58,send_ack_simulated
1767955088.6862636,1445.29,0.07,send_ack_simulated
1767955088.6876612,1445.30,0.16,send_ack_simulated
1767955088.6888564,1445.30,0.04,send_ack_simulated
1767955088.69043,1445.30,1.10,send_ack_simulated
1767955088.6912158,1445.30,2.15,send_ack_simulated
1767955088.6917195,1445.30,0.45,send_ack_simulated
1767955088.6920142,1445.30,1.14,send_ack_simulated
1767955088.6923542,1445.30,0.94,send_ack_simulated
1767955088.6925256,1445.30,0.38,send_ack_simulated
1767955088.6927066,1445.30,0.34,send_ack_simulated
1767955088.6931016,1445.30,0.35,send_ack_simulated
1767955088.6935232,1445.30,0.04,send_ack_simulated
1767955088.693827,1445.30,0.03,send_ack_simulated
1767955088.6941092,1445.30,0.03,send_ack_simulated
1767955088.6943033,1445.30,0.04,send_ack_simulated
1767955088.694595,1445.30,0.21,send_ack_simulated
1767955088.6947925,1445.30,0.11,send_ack_simulated
1767955088.6949694,1445.30,0.15,send_ack_simulated
1767955088.6951764,1445.30,0.05,send_ack_simulated
1767955088.6956122,1445.30,0.25,send_ack_simulated
1767955088.6957746,1445.30,0.04,send_ack_simulated
1767955116.7054522,1473.31,0.14,send_ack_simulated
1767955116.7069368,1473.32,0.03,send_ack_simulated
1767955116.7083395,1473.32,0.03,send_ack_simulated
1767955116.7089465,1473.32,1.40,send_ack_simulated
1767955116.7093878,1473.32,1.13,send_ack_simulated
1767955116.7096627,1473.32,0.03,send_ack_simulated
1767955116.7099211,1473.32,0.63,send_ack_simulated
1767955116.710207,1473.32,0.25,send_ack_simulated
1767955116.7105708,1473.32,0.14,send_ack_simulated
1767955116.7109861,1473.32,0.07,send_ack_simulated
1767955144.7240937,1501.33,0.89,send_ack_simulated
1767955144.7259138,1501.33,0.05,send_ack_simulated
1767955144.728113,1501.34,0.04,send_ack_simulated
1767955144.7298584,1501.34,0.33,send_ack_simulated
1767955144.7301376,1501.34,0.07,send_ack_simulated
1767955144.7304559,1501.34,0.02,send_ack_simulated
1767955144.730918,1501.34,0.78,send_ack_simulated
1767955144.7311234,1501.34,0.06,send_ack_simulated
1767955172.7413757,1529.35,0.07,send_ack_simulated
1767955172.74392,1529.35,1.52,send_ack_simulated
1767955172.7463536,1529.35,0.13,send_ack_simulated
1767955172.747411,1529.36,0.68,send_ack_simulated
1767955172.748283,1529.36,0.79,send_ack_simulated
1767955172.7488468,1529.36,1.32,send_ack_simulated
1767955172.7491941,1529.36,0.89,send_ack_simulated
1767955200.7603993,1557.37,0.07,send_ack_simulated
1767955200.7616067,1557.37,0.96,send_ack_simulated
1767955200.7626479,1557.37,1.21,send_ack_simulated
1767955200.7640939,1557.37,1.77,send_ack_simulated
1767955200.7654986,1557.37,1.12,send_ack_simulated
1767955200.7659044,1557.37,0.40,send_ack_simulated
1767955200.7663386,1557.37,0.79,send_ack_simulated
1767955200.7666235,1557.37,0.03,send_ack_simulated
1767955200.766804,1557.38,0.03,send_ack_simulated
1767955200.7670105,1557.38,0.04,send_ack_simulated
1767955200.7672818,1557.38,0.02,send_ack_simulated
1767955200.7675602,1557.38,0.16,send_ack_simulated
1767955200.7677789,1557.38,0.06,send_ack_simulated
1767955228.7740555,1585.38,0.16,send_ack_simulated
1767955228.7773306,1585.39,0.03,send_ack_simulated
1767955228.778682,1585.39,0.50,send_ack_simulated
1767955228.7808666,1585.39,2.28,send_ack_simulated
1767955228.7813265,1585.39,0.02,send_ack_simulated
1767955228.7817786,1585.39,0.35,send_ack_simulated
1767955228.7820623,1585.39,1.44,send_ack_simulated
1767955228.7824898,1585.39,0.04,send_ack_simulated
1767955256.7929313,1613.40,0.34,send_ack_simulated
1767955256.7943058,1613.40,0.02,send_ack_simulated
1767955256.7959852,1613.40,0.43,send_ack_simulated
1767955256.7969604,1613.41,0.37,send_ack_simulated
1767955284.8085172,1641.42,0.07,send_ack_simulated
1767955284.8096862,1641.42,0.28,send_ack_simulated
1767955284.8116312,1641.42,0.30,send_ack_simulated
1767955284.8123753,1641.42,0.03,send_ack_simulated
1767955284.812781,1641.42,0.36,send_ack_simulated
1767955284.813098,1641.42,0.19,send_ack_simulated
1767955312.8256469,1669.43,0.19,send_ack_simulated
1767955312.8275135,1669.44,0.05,send_ack_simulated
1767955312.8282912,1669.44,0.08,send_ack_simulated
1767955312.8292255,1669.44,0.05,send_ack_simulated
1767955312.829366,1669.44,0.04,send_ack_simulated
1767955312.8295965,1669.44,1.03,send_ack_simulated
1767955312.8299258,1669.44,0.14,send_ack_simulated
1767955312.8302824,1669.44,1.05,send_ack_simulated
1767955312.8306553,1669.44,0.72,send_ack_simulated
1767955312.8309574,1669.44,0.03,send_ack_simulated
1767955340.837649,1697.45,0.08,send_ack_simulated
1767955340.838301,1697.45,0.01,send_ack_simulated
1767955340.8408194,1697.45,0.05,send_ack_simulated
1767955340.8415077,1697.45,0.38,send_ack_simulated
1767955340.8418128,1697.45,0.51,send_ack_simulated
1767955340.8420804,1697.45,0.02,send_ack_simulated
1767955340.8422413,1697.45,1.28,send_ack_simulated
1767955340.8426664,1697.45,0.42,send_ack_simulated
1767955340.8431027,1697.45,0.08,send_ack_simulated
1767955340.8434038,1697.45,0.21,send_ack_simulated
1767955340.8436842,1697.45,0.03,send_ack_simulated
1767955340.8439782,1697.45,0.08,send_ack_simulated
1767955340.8442292,1697.45,0.02,send_ack_simulated
1767955340.8444839,1697.45,0.07,send_ack_simulated
1767955340.8447275,1697.45,0.07,send_ack_simulated
1767955368.8524735,1725.46,0.17,send_ack_simulated
1767955368.8554428,1725.46,0.08,send_ack_simulated
1767955368.8565295,1725.46,0.03,send_ack_simulated
1767955368.857546,1725.47,0.06,send_ack_simulated
1767955368.858057,1725.47,1.09,send_ack_simulated
1767955368.858615,1725.47,0.37,send_ack_simulated
1767955368.8589668,1725.47,0.53,send_ack_simulated
1767955368.859207,1725.47,0.49,send_ack_simulated
1767955368.859461,1725.47,0.02,send_ack_simulated
1767955368.8597996,1725.47,0.03,send_ack_simulated
1767955396.869221,1753.48,0.15,send_ack_simulated
1767955396.8730078,1753.48,0.90,send_ack_simulated
1767955396.8734405,1753.48,0.65,send_ack_simulated
1767955396.87378,1753.48,0.07,send_ack_simulated
1767955396.874182,1753.48,0.54,send_ack_simulated
1767955396.8744686,1753.48,0.41,send_ack_simulated
1767955396.8747892,1753.48,0.04,send_ack_simulated
1767955396.8750799,1753.48,0.03,send_ack_simulated
1767955396.875442,1753.48,0.60,send_ack_simulated
1767955396.8759131,1753.48,0.29,send_ack_simulated
1767955396.8761854,1753.48,0.06,send_ack_simulated
1767955396.876537,1753.48,0.10,send_ack_simulated
1767955424.8857813,1781.49,0.26,send_ack_simulated
1767955424.8875306,1781.50,0.13,send_ack_simulated
1767955424.8891275,1781.50,0.61,send_ack_simulated
1767955424.8906133,1781.50,0.02,send_ack_simulated
1767955424.8912039,1781.50,0.02,send_ack_simulated
1767955424.89182,1781.50,0.42,send_ack_simulated
1767955424.8919458,1781.50,0.12,send_ack_simulated
1767955424.8922017,1781.50,0.34,send_ack_simulated
1767955424.8925197,1781.50,0.09,send_ack_simulated
1767955452.9022195,1809.51,0.75,send_ack_simulated
1767955452.9043465,1809.51,1.55,send_ack_simulated
1767955452.9071817,1809.52,1.47,send_ack_simulated
1767955452.9074101,1809.52,2.41,send_ack_simulated
1767955452.9076304,1809.52,1.26,send_ack_simulated
1767955452.9078856,1809.52,0.07,send_ack_simulated
1767955452.9081943,1809.52,0.03,send_ack_simulated
1767955452.9086,1809.52,1.29,send_ack_simulated
1767955452.909028,1809.52,0.13,send_ack_simulated
1767955452.909457,1809.52,0.05,send_ack_simulated
1767955480.9224794,1837.53,0.07,send_ack_simulated
1767955480.9244277,1837.53,1.03,send_ack_simulated
1767955480.9258165,1837.53,0.46,send_ack_simulated
1767955480.926279,1837.53,0.03,send_ack_simulated
1767955480.9267228,1837.54,0.03,send_ack_simulated
1767955480.9271107,1837.54,0.02,send_ack_simulated
1767955480.9272873,1837.54,0.37,send_ack_simulated
1767955480.927603,1837.54,0.37,send_ack_simulated
1767955480.9279356,1837.54,0.54,send_ack_simulated
1767955480.9282088,1837.54,0.05,send_ack_simulated
1767955508.9361875,1865.54,0.24,send_ack_simulated
1767955508.9390538,1865.55,0.71,send_ack_simulated
1767955508.9397385,1865.55,0.52,send_ack_simulated
1767955508.9417548,1865.55,0.96,send_ack_simulated
1767955508.9426827,1865.55,0.41,send_ack_simulated
1767955508.9436502,1865.55,1.84,send_ack_simulated
1767955508.9443624,1865.55,0.46,send_ack_simulated
1767955508.9449856,1865.55,0.10,send_ack_simulated
1767955508.9451826,1865.55,0.64,send_ack_simulated
1767955536.9542634,1893.56,0.03,send_ack_simulated
1767955536.9573658,1893.57,1.06,send_ack_simulated
1767955536.957806,1893.57,0.05,send_ack_simulated
1767955536.9582756,1893.57,0.03,send_ack_simulated
1767955564.9728801,1921.58,1.26,send_ack_simulated
1767955564.974036,1921.58,0.44,send_ack_simulated
1767955564.9756753,1921.58,0.02,send_ack_simulated
1767955564.9760334,1921.58,0.08,send_ack_simulated
1767955564.976306,1921.58,0.03,send_ack_simulated
1767955564.9766371,1921.58,0.35,send_ack_simulated
1767955564.9769857,1921.59,0.17,send_ack_simulated
1767955592.9884968,1949.60,0.04,send_ack_simulated
1767955592.9902673,1949.60,0.17,send_ack_simulated
1767955592.991651,1949.60,2.26,send_ack_simulated
1767955592.9931815,1949.60,0.03,send_ack_simulated
1767955592.9936876,1949.60,0.43,send_ack_simulated
1767955592.9942164,1949.60,0.98,send_ack_simulated
1767955592.9945405,1949.60,0.33,send_ack_simulated
1767955592.9948354,1949.60,0.37,send_ack_simulated
1767955592.9950109,1949.60,0.05,send_ack_simulated
1767955621.0035336,1977.61,0.06,send_ack_simulated
1767955621.0049326,1977.61,0.96,send_ack_simulated
1767955621.006798,1977.62,0.46,send_ack_simulated
1767955621.0081382,1977.62,0.76,send_ack_simulated
1767955621.0086553,1977.62,1.77,send_ack_simulated
1767955621.0089955,1977.62,0.04,send_ack_simulated
1767955621.0093343,1977.62,0.03,send_ack_simulated
1767955621.0095885,1977.62,0.03,send_ack_simulated
1767955621.009867,1977.62,0.04,send_ack_simulated
1767955649.021542,2005.63,0.52,send_ack_simulated
1767955649.024257,2005.63,0.38,send_ack_simulated
1767955649.0249674,2005.63,0.03,send_ack_simulated
1767955649.025251,2005.63,0.04,send_ack_simulated
1767955649.0256245,2005.63,0.26,send_ack_simulated
1767955649.0259008,2005.63,1.36,send_ack_simulated
1767955649.0262837,2005.63,0.68,send_ack_simulated
1767955677.0380452,2033.65,0.04,send_ack_simulated
1767955677.0411396,2033.65,1.39,send_ack_simulated
1767955677.0417075,2033.65,0.03,send_ack_simulated
1767955677.042361,2033.65,1.64,send_ack_simulated
1767955677.042753,2033.65,0.03,send_ack_simulated
1767955677.043132,2033.65,2.18,send_ack_simulated
1767955677.043397,2033.65,0.40,send_ack_simulated
1767955677.0436554,2033.65,0.03,send_ack_simulated
1767955677.0438712,2033.65,0.03,send_ack_simulated
1767955677.0441892,2033.65,0.02,send_ack_simulated
1767955677.0444276,2033.65,0.02,send_ack_simulated
1767955677.044744,2033.65,0.04,send_ack_simulated
1767955677.0450811,2033.65,0.06,send_ack_simulated
1767955677.0453444,2033.65,0.14,send_ack_simulated
1767955677.0454986,2033.65,0.03,send_ack_simulated
1767955677.0457315,2033.65,0.12,send_ack_simulated
1767955705.0542808,2061.66,0.04,send_ack_simulated
1767955705.056778,2061.67,0.02,send_ack_simulated
1767955705.0574865,2061.67,1.47,send_ack_simulated
1767955705.0578876,2061.67,0.36,send_ack_simulated
1767955705.058191,2061.67,2.17,send_ack_simulated
1767955705.058543,2061.67,0.02,send_ack_simulated
1767955705.058877,2061.67,0.02,send_ack_simulated
1767955705.059195,2061.67,0.02,send_ack_simulated
1767955705.0594633,2061.67,0.02,send_ack_simulated
1767955733.0685914,2089.68,0.46,send_ack_simulated
1767955733.071501,2089.68,0.14,send_ack_simulated
1767955733.0723274,2089.68,0.70,send_ack_simulated
1767955733.0734217,2089.68,0.05,send_ack_simulated
1767955733.0743587,2089.68,0.90,send_ack_simulated
1767955733.0748296,2089.68,0.33,send_ack_simulated
1767955733.0750854,2089.68,0.35,send_ack_simulated
1767955733.0753305,2089.68,0.31,send_ack_simulated
1767955733.0756373,2089.68,1.22,send_ack_simulated
1767955733.076002,2089.68,0.17,send_ack_simulated
1767955733.076452,2089.68,0.10,send_ack_simulated
1767955733.0767012,2089.69,0.06,send_ack_simulated
1767955761.08704,2117.70,0.10,send_ack_simulated
1767955761.0876913,2117.70,0.04,send_ack_simulated
1767955761.0894904,2117.70,1.21,send_ack_simulated
1767955761.090338,2117.70,0.86,send_ack_simulated
1767955761.0906725,2117.70,0.02,send_ack_simulated
1767955761.0908973,2117.70,0.03,send_ack_simulated
1767955761.091374,2117.70,0.75,send_ack_simulated
1767955761.0915184,2117.70,1.74,send_ack_simulated
1767955761.09178,2117.70,1.36,send_ack_simulated
1767955761.0920184,2117.70,0.07,send_ack_simulated
1767955761.0922165,2117.70,0.12,send_ack_simulated
1767955789.104539,2145.71,0.05,send_ack_simulated
1767955789.1069252,2145.72,1.74,send_ack_simulated
1767955789.1074297,2145.72,0.48,send_ack_simulated
1767955789.1077306,2145.72,1.21,send_ack_simulated
1767955789.108165,2145.72,0.44,send_ack_simulated
1767955789.1084435,2145.72,0.77,send_ack_simulated
1767955789.1086953,2145.72,1.58,send_ack_simulated
1767955789.108968,2145.72,0.06,send_ack_simulated
1767955817.1163702,2173.72,0.05,send_ack_simulated
1767955817.1185677,2173.73,0.06,send_ack_simulated
1767955817.1223497,2173.73,0.04,send_ack_simulated
1767955817.1239743,2173.73,0.08,send_ack_simulated
1767955817.1242464,2173.73,0.74,send_ack_simulated
1767955817.1246343,2173.73,0.08,send_ack_simulated
1767955817.1249664,2173.73,0.42,send_ack_simulated
1767955845.137486,2201.75,0.09,send_ack_simulated
1767955845.139509,2201.75,2.12,send_ack_simulated
1767955845.1418092,2201.75,0.03,send_ack_simulated
1767955845.1437807,2201.75,0.07,send_ack_simulated
1767955845.1441338,2201.75,0.04,send_ack_simulated
1767955845.1443703,2201.75,0.78,send_ack_simulated
1767955873.1545668,2229.76,0.01,send_ack_simulated
1767955873.1554284,2229.76,0.67,send_ack_simulated
1767955873.1587873,2229.77,1.54,send_ack_simulated
1767955873.1593199,2229.77,0.03,send_ack_simulated
1767955873.1596174,2229.77,0.31,send_ack_simulated
1767955873.1598897,2229.77,0.06,send_ack_simulated
1767955873.1602128,2229.77,0.10,send_ack_simulated
1767955873.160518,2229.77,0.43,send_ack_simulated
1767955873.1608803,2229.77,0.47,send_ack_simulated
1767955873.1611223,2229.77,0.09,send_ack_simulated
1767955873.1613874,2229.77,0.10,send_ack_simulated
1767955873.1616304,2229.77,0.05,send_ack_simulated
1767955901.1723301,2257.78,0.91,send_ack_simulated
1767955901.17447,2257.78,1.18,send_ack_simulated
1767955901.1754658,2257.78,0.66,send_ack_simulated
1767955901.1758127,2257.78,1.60,send_ack_simulated
1767955901.176147,2257.78,2.04,send_ack_simulated
1767955901.1764243,2257.78,0.44,send_ack_simulated
1767955901.1768103,2257.79,0.78,send_ack_simulated
1767955901.1770122,2257.79,0.02,send_ack_simulated
1767955901.177195,2257.79,0.15,send_ack_simulated
1767955901.177366,2257.79,0.09,send_ack_simulated
1767955929.1860373,2285.79,0.60,send_ack_simulated
1767955929.1877606,2285.80,0.06,send_ack_simulated
1767955929.188056,2285.80,1.79,send_ack_simulated
1767955929.1919012,2285.80,0.10,send_ack_simulated
1767955929.1931615,2285.80,1.77,send_ack_simulated
1767955929.1936474,2285.80,0.03,send_ack_simulated
1767955957.2040892,2313.81,0.07,send_ack_simulated
1767955957.2066052,2313.81,0.43,send_ack_simulated
1767955957.2088108,2313.82,0.09,send_ack_simulated
1767955957.2094684,2313.82,0.40,send_ack_simulated
1767955957.2098322,2313.82,1.49,send_ack_simulated
1767955957.2101629,2313.82,0.27,send_ack_simulated
1767955985.222242,2341.83,0.07,send_ack_simulated
1767955985.223907,2341.83,0.77,send_ack_simulated
1767955985.2244778,2341.83,0.03,send_ack_simulated
1767955985.2251885,2341.83,0.05,send_ack_simulated
1767955985.225882,2341.83,0.04,send_ack_simulated
1767955985.2263036,2341.83,2.17,send_ack_simulated
1767955985.2265403,2341.83,0.05,send_ack_simulated
1767955985.2268236,2341.84,0.31,send_ack_simulated
1767955985.2271657,2341.84,0.21,send_ack_simulated
1767955985.2274077,2341.84,0.11,send_ack_simulated
1767955985.2275882,2341.84,0.09,send_ack_simulated
1767955985.2278287,2341.84,0.12,send_ack_simulated
1767956013.2392511,2369.85,1.69,send_ack_simulated
1767956013.2403593,2369.85,0.03,send_ack_simulated
1767956013.2412775,2369.85,0.02,send_ack_simulated
1767956013.2423055,2369.85,0.03,send_ack_simulated
1767956013.2427046,2369.85,0.10,send_ack_simulated
1767956013.2429488,2369.85,0.04,send_ack_simulated
1767956013.243195,2369.85,0.31,send_ack_simulated
1767956013.2434704,2369.85,0.26,send_ack_simulated
1767956013.2437763,2369.85,0.20,send_ack_simulated
1767956013.2440403,2369.85,0.02,send_ack_simulated
1767956013.2443037,2369.85,0.11,send_ack_simulated
1767956013.2445338,2369.85,0.08,send_ack_simulated
1767956013.2448113,2369.85,0.01,send_ack_simulated
1767956041.2528057,2397.86,0.03,send_ack_simulated
1767956041.254435,2397.86,0.52,send_ack_simulated
1767956041.2548153,2397.86,0.05,send_ack_simulated
1767956041.2556071,2397.86,0.39,send_ack_simulated
1767956041.2561848,2397.86,0.46,send_ack_simulated
1767956041.2565818,2397.86,0.02,send_ack_simulated
1767956041.2568417,2397.87,0.02,send_ack_simulated
1767956041.2571173,2397.87,2.02,send_ack_simulated
1767956041.257465,2397.87,1.09,send_ack_simulated
1767956041.257879,2397.87,0.79,send_ack_simulated
1767956041.2581592,2397.87,0.03,send_ack_simulated
1767956041.2584035,2397.87,0.12,send_ack_simulated
1767956069.2681892,2425.88,1.48,send_ack_simulated
1767956069.269853,2425.88,0.08,send_ack_simulated
1767956069.271603,2425.88,0.09,send_ack_simulated
1767956069.2729104,2425.88,0.02,send_ack_simulated
1767956069.2731724,2425.88,0.60,send_ack_simulated
1767956069.273422,2425.88,1.01,send_ack_simulated
1767956069.2737064,2425.88,0.18,send_ack_simulated
1767956097.2861176,2453.89,0.83,send_ack_simulated
1767956097.2878468,2453.90,0.48,send_ack_simulated
1767956097.2893527,2453.90,0.07,send_ack_simulated
1767956097.289681,2453.90,0.75,send_ack_simulated
1767956097.289889,2453.90,0.52,send_ack_simulated
1767956097.2901142,2453.90,0.08,send_ack_simulated
1767956097.290401,2453.90,0.02,send_ack_simulated
1767956097.2907226,2453.90,0.45,send_ack_simulated
1767956097.291025,2453.90,1.13,send_ack_simulated
1767956097.2915258,2453.90,0.25,send_ack_simulated
1767956097.2921224,2453.90,0.79,send_ack_simulated
1767956097.2923942,2453.90,0.06,send_ack_simulated
1767956125.3001459,2481.91,0.11,send_ack_simulated
1767956125.3031664,2481.91,1.75,send_ack_simulated
1767956125.304216,2481.91,0.04,send_ack_simulated
1767956125.3045883,2481.91,0.74,send_ack_simulated
1767956125.3050063,2481.91,0.35,send_ack_simulated
1767956125.3052862,2481.91,0.40,send_ack_simulated
1767956125.3055887,2481.91,0.12,send_ack_simulated
1767956125.3058805,2481.91,0.63,send_ack_simulated
1767956125.3061466,2481.91,1.00,send_ack_simulated
1767956125.3064563,2481.91,1.63,send_ack_simulated
1767956125.3066905,2481.92,0.22,send_ack_simulated
1767956125.3069627,2481.92,0.62,send_ack_simulated
1767956125.3071356,2481.92,0.14,send_ack_simulated
1767956125.3074422,2481.92,0.15,send_ack_simulated
1767956125.3076093,2481.92,0.04,send_ack_simulated
1767956153.3150136,2509.92,0.13,send_ack_simulated
1767956153.3163006,2509.92,0.05,send_ack_simulated
1767956153.3172746,2509.93,0.35,send_ack_simulated
1767956153.3179002,2509.93,0.07,send_ack_simulated
1767956153.3193004,2509.93,2.28,send_ack_simulated
1767956153.319623,2509.93,0.97,send_ack_simulated
1767956153.3200192,2509.93,0.06,send_ack_simulated
1767956153.3203638,2509.93,0.92,send_ack_simulated
1767956153.3206356,2509.93,0.69,send_ack_simulated
1767956153.3210654,2509.93,0.18,send_ack_simulated
1767956181.330892,2537.94,0.14,send_ack_simulated
1767956181.334065,2537.94,0.12,send_ack_simulated
1767956181.3353343,2537.94,0.32,send_ack_simulated
1767956181.3370464,2537.95,1.09,send_ack_simulated
1767956181.3373387,2537.95,0.06,send_ack_simulated
1767956181.337611,2537.95,1.06,send_ack_simulated
1767956181.3379912,2537.95,0.44,send_ack_simulated
1767956181.3383486,2537.95,0.02,send_ack_simulated
1767956209.349304,2565.96,0.04,send_ack_simulated
1767956209.3518245,2565.96,0.68,send_ack_simulated
1767956209.3529963,2565.96,0.05,send_ack_simulated
1767956209.35391,2565.96,0.84,send_ack_simulated
1767956209.3542247,2565.96,0.07,send_ack_simulated
1767956209.3546293,2565.96,0.03,send_ack_simulated
1767956209.3548734,2565.96,0.37,send_ack_simulated
1767956209.3550327,2565.96,0.39,send_ack_simulated
1767956209.3554373,2565.96,0.03,send_ack_simulated
1767956237.3641288,2593.97,1.18,send_ack_simulated
1767956237.3668156,2593.98,0.06,send_ack_simulated
1767956237.3676126,2593.98,0.08,send_ack_simulated
1767956237.3683302,2593.98,0.02,send_ack_simulated
1767956237.3686903,2593.98,0.04,send_ack_simulated
1767956237.369072,2593.98,1.75,send_ack_simulated
1767956237.3692524,2593.98,0.78,send_ack_simulated
1767956237.3695211,2593.98,0.73,send_ack_simulated
1767956237.369838,2593.98,0.03,send_ack_simulated
1767956237.3701572,2593.98,0.03,send_ack_simulated
1767956237.3704467,2593.98,0.10,send_ack_simulated
1767956237.3707802,2593.98,0.04,send_ack_simulated
1767956265.3799171,2621.99,0.11,send_ack_simulated
1767956265.3812287,2621.99,0.98,send_ack_simulated
1767956265.3839314,2621.99,0.08,send_ack_simulated
1767956265.3852913,2621.99,0.09,send_ack_simulated
1767956265.3856122,2621.99,0.03,send_ack_simulated
1767956265.3859563,2621.99,2.16,send_ack_simulated
1767956265.386322,2621.99,1.64,send_ack_simulated
1767956265.3866627,2622.00,0.27,send_ack_simulated
1767956265.3868418,2622.00,0.94,send_ack_simulated
1767956265.3870418,2622.00,0.02,send_ack_simulated
1767956265.3871334,2622.00,0.02,send_ack_simulated
1767956265.3873618,2622.00,0.06,send_ack_simulated
1767956293.3974986,2650.01,0.74,send_ack_simulated
1767956293.3996084,2650.01,0.03,send_ack_simulated
1767956293.4005096,2650.01,0.54,send_ack_simulated
1767956293.4014113,2650.01,0.39,send_ack_simulated
1767956293.4018838,2650.01,0.03,send_ack_simulated
1767956293.4021523,2650.01,0.36,send_ack_simulated
1767956293.402573,2650.01,0.31,send_ack_simulated
1767956293.4027712,2650.01,1.00,send_ack_simulated
1767956293.403172,2650.01,0.04,send_ack_simulated
1767956321.4130929,2678.02,0.03,send_ack_simulated
1767956321.4157774,2678.02,0.02,send_ack_simulated
1767956321.4163644,2678.02,0.02,send_ack_simulated
1767956321.4173477,2678.03,0.84,send_ack_simulated
1767956321.4176672,2678.03,0.03,send_ack_simulated
1767956321.41798,2678.03,0.04,send_ack_simulated
1767956321.4182317,2678.03,0.35,send_ack_simulated
1767956321.4184003,2678.03,0.02,send_ack_simulated
1767956321.418731,2678.03,0.26,send_ack_simulated
1767956321.4189289,2678.03,0.13,send_ack_simulated
1767956349.427302,2706.04,0.27,send_ack_simulated
1767956349.4311013,2706.04,0.11,send_ack_simulated
1767956349.4339232,2706.04,0.03,send_ack_simulated
1767956349.436139,2706.04,0.65,send_ack_simulated
1767956349.436792,2706.05,0.74,send_ack_simulated
1767956349.4371002,2706.05,0.40,send_ack_simulated
1767956349.4373071,2706.05,0.05,send_ack_simulated
1767956349.437691,2706.05,0.08,send_ack_simulated
1767956377.4467793,2734.06,0.04,send_ack_simulated
1767956377.4498467,2734.06,1.23,send_ack_simulated
1767956377.450829,2734.06,0.43,send_ack_simulated
1767956377.4526916,2734.06,0.40,send_ack_simulated
1767956377.4533303,2734.06,0.85,send_ack_simulated
1767956377.4537046,2734.06,0.33,send_ack_simulated
1767956405.4632468,2762.07,0.30,send_ack_simulated
1767956405.464922,2762.07,0.03,send_ack_simulated
1767956405.4660635,2762.07,0.49,send_ack_simulated
1767956405.4666107,2762.07,0.47,send_ack_simulated
1767956405.4674685,2762.08,0.49,send_ack_simulated
1767956405.4682584,2762.08,0.27,send_ack_simulated
1767956405.4687538,2762.08,0.55,send_ack_simulated
1767956405.4691174,2762.08,1.02,send_ack_simulated
1767956405.469561,2762.08,0.03,send_ack_simulated
1767956405.4703093,2762.08,0.96,send_ack_simulated
1767956405.4708073,2762.08,0.28,send_ack_simulated
1767956433.484352,2790.09,0.90,send_ack_simulated
1767956433.4853148,2790.09,0.03,send_ack_simulated
1767956433.4862604,2790.09,0.02,send_ack_simulated
1767956433.486836,2790.10,0.13,send_ack_simulated
1767956433.487679,2790.10,0.08,send_ack_simulated
1767956433.4882066,2790.10,0.37,send_ack_simulated
1767956433.488397,2790.10,0.30,send_ack_simulated
1767956433.4887471,2790.10,0.62,send_ack_simulated
1767956433.489125,2790.10,0.28,send_ack_simulated
1767956433.489378,2790.10,0.60,send_ack_simulated
1767956433.4896665,2790.10,0.06,send_ack_simulated
1767956433.4899552,2790.10,0.03,send_ack_simulated
1767956433.490249,2790.10,0.08,send_ack_simulated
1767956433.4905155,2790.10,0.16,send_ack_simulated
1767956433.4907413,2790.10,0.08,send_ack_simulated
1767956433.4909945,2790.10,0.11,send_ack_simulated
1767956461.4994652,2818.11,1.01,send_ack_simulated
1767956461.5026762,2818.11,0.68,send_ack_simulated
1767956461.5031726,2818.11,0.06,send_ack_simulated
1767956461.5034049,2818.11,0.53,send_ack_simulated
1767956461.503605,2818.11,0.92,send_ack_simulated
1767956461.5039904,2818.11,0.02,send_ack_simulated
1767956461.5043776,2818.11,0.32,send_ack_simulated
1767956461.504545,2818.11,0.04,send_ack_simulated
1767956461.5047114,2818.11,0.06,send_ack_simulated
1767956461.5049171,2818.11,0.05,send_ack_simulated
